<?xml version="1.0" encoding="UTF-8" ?>
<entity-mappings xmlns="http://xmlns.jcp.org/xml/ns/persistence/orm"
		 xmlns:xsi="http://www.w3.org/2001/XMLSchema-instance"
		 xsi:schemaLocation="http://xmlns.jcp.org/xml/ns/persistence/orm
		 http://xmlns.jcp.org/xml/ns/persistence/orm_2_1.xsd" version="2.1">
	 <named-query name='Order.findMetStatusBehalveShippedEnCancelled'>
		 <query>
			 select o from Order o
			 where o.status not in ('SHIPPED', 'CANCELLED')
			 order by o.id
		 </query>
	 </named-query>
	 <named-query name="Product.findProduct">
	 	<query>
	 		select p from Product p
	 		where p.id = :productId
	 	</query>
	 </named-query>
</entity-mappings>